"cox_cov","our_cov"
0.905683690280066,0.903727347611203
0.896004942339374,0.907125205930807
0.906404448105437,0.866042009884679
0,0.919584019769357
0.89240115321252,0.895593080724876
0.899402800658979,0.884575782537068
0.913406095551895,0.901256177924217
0.910831960461285,0.888076606260296
0,0.897240527182867
0.901462108731466,0.916906919275124
