"cox_cov","our_cov"
0.823598130841122,0.883761682242991
0.841121495327103,0.899532710280374
0.841121495327103,0.89661214953271
0.831191588785047,0.880841121495327
0.832359813084112,0.904205607476635
0.843457943925234,0.904205607476635
0.849883177570093,0.902453271028037
0.830023364485981,0.894275700934579
0.855140186915888,0.914719626168224
0.84696261682243,0.904789719626168
